Province/State,Country/Region,Lat,Long,1/1/20,1/2/20,1/3/20,1/4/20,1/5/20,1/6/20,1/7/20,1/8/20,1/9/20,1/10/20,1/11/20,1/12/20,1/13/20,1/14/20,1/15/20,1/16/20,1/17/20,1/18/20,1/19/20,1/20/20,1/21/20,1/22/20,1/23/20,1/24/20,1/25/20,1/26/20,1/27/20,1/28/20,1/29/20,1/30/20,1/31/20,2/1/20,2/2/20,2/3/20,2/4/20,2/5/20,2/6/20,2/7/20,2/8/20,2/9/20,2/10/20,2/11/20,2/12/20,2/13/20,2/14/20,2/15/20,2/16/20,2/17/20,2/18/20,2/19/20,2/20/20,2/21/20,2/22/20,2/23/20,2/24/20,2/25/20,2/26/20,2/27/20,2/28/20,2/29/20,3/1/20,3/2/20,3/3/20,3/4/20,3/5/20,3/6/20,3/7/20,3/8/20,3/9/20,3/10/20,3/11/20,3/12/20,3/13/20,3/14/20,3/15/20,3/16/20,3/17/20,3/18/20,3/19/20,3/20/20,3/21/20,3/22/20,3/23/20,3/24/20,3/25/20,3/26/20,3/27/20,3/28/20,3/29/20,3/30/20,3/31/20,4/1/20,4/2/20,4/3/20,4/4/20,4/5/20,4/6/20,4/7/20,4/8/20,4/9/20,4/10/20,4/11/20,4/12/20
,Austria,47.5162,14.5501,319,318,340,343,331,332,345,327,310,316,333,297,297,323,307,305,321,354,413,387,347,332,313,318,295,310,316,369,399,328,294,286,321,322,379,390,354,332,319,326,282,293,348,356,372,321,291,305,326,370,325,345,332,321,336,337,370,383,379,332,362,365,407,436,347,334,379,402,375,380,321,313,337,385,385,355,377,357,340,348,354,369,413,423,424,401,384,401,380,392,408,362,359,361,361,332,298,301,315,325,311,300,322
,Belgium,50.8333,4.0,305,330,316,296,291,309,317,281,293,344,294,283,341,315,325,341,366,413,372,344,324,323,307,284,281,292,337,428,368,303,289,322,326,333,387,335,337,315,321,304,322,339,383,398,332,320,328,363,368,353,324,349,327,338,343,370,429,377,346,412,401,412,452,383,344,408,402,383,410,338,313,349,415,407,380,395,350,324,322,332,370,406,389,348,344,364,370,365,413,399,371,359,343,315,316,305,303,324,331,311,295,313,338
,Brazil,-14.235,-51.9253,261,260,254,250,252,249,249,250,257,254,258,261,263,262,262,263,260,247,254,261,257,258,256,260,259,259,259,260,256,257,258,260,257,255,259,258,258,256,258,259,255,254,256,256,258,261,259,264,262,263,262,260,258,261,262,260,258,259,261,256,259,257,261,261,258,253,250,252,254,260,260,254,252,256,258,259,261,261,257,257,257,251,252,250,253,252,255,253,257,257,260,260,264,263,261,256,256,250,246,254,257,257,255
Alberta,Canada,53.9333,-116.5765,373,396,423,369,371,390,424,403,411,402,388,427,448,412,407,404,367,403,354,335,349,393,422,382,380,373,358,368,375,356,363,365,393,434,430,395,380,397,412,443,388,395,425,410,397,439,404,419,426,394,383,347,340,386,410,439,392,401,356,344,452,386,381,398,409,363,379,385,412,408,390,434,414,327,340,317,319,313,293,321,288,349,354,392,386,362,346,330,318,377,386,407,436,466,469,462,474,415,421,389,372,392,424
British Columbia,Canada,49.2827,-123.1207,349,380,355,328,376,390,380,388,393,383,387,414,434,415,417,407,414,402,353,320,348,407,370,369,383,356,364,378,376,355,344,336,378,414,403,351,317,347,376,415,367,349,375,376,412,388,371,396,390,366,399,364,327,367,403,368,347,343,327,347,441,351,341,369,391,366,404,400,409,390,353,348,378,391,390,355,337,333,306,331,312,341,367,393,412,393,349,358,352,396,428,458,452,438,436,429,447,376,372,360,346,352,368
Grand Princess,Canada,37.6489,-122.6655,325,306,297,285,290,307,300,317,351,367,331,350,364,366,353,337,342,264,275,276,292,302,293,303,312,294,312,316,327,319,310,307,306,339,354,358,323,277,287,299,325,332,304,332,336,332,308,299,311,327,336,352,373,346,324,302,306,324,324,312,313,383,339,327,336,325,322,348,377,402,405,371,317,297,348,379,398,394,369,361,354,368,371,334,330,380,410,358,351,372,350,344,356,344,356,373,411,451,435,404,381,360,356
Manitoba,Canada,53.7609,-98.8139,386,389,420,428,371,385,419,419,412,408,432,398,438,416,411,386,352,325,333,326,326,352,403,405,381,380,382,369,367,381,367,387,388,411,436,461,421,434,421,432,437,438,489,486,404,419,443,417,474,480,456,360,360,365,413,452,472,477,442,389,360,452,424,422,433,401,363,359,363,418,422,412,437,363,298,316,357,354,315,329,324,304,363,371,383,350,351,334,334,338,370,386,409,427,426,453,449,440,417,446,431,410,438
New Brunswick,Canada,46.5653,-66.4619,347,371,367,351,354,377,350,376,390,399,358,340,318,337,374,376,362,379,357,393,356,335,347,343,363,368,382,406,378,381,361,374,383,419,413,352,374,353,338,398,374,405,364,384,354,427,343,362,377,381,403,451,417,385,359,360,342,355,353,422,467,465,381,412,421,426,406,417,403,353,357,389,404,363,421,412,390,353,364,356,326,384,382,353,376,365,391,430,384,331,351,364,377,338,324,363,345,431,427,385,381,427,442
Newfoundland and Labrador,Canada,53.1355,-57.6604,316,343,360,370,362,344,339,352,377,400,373,405,399,402,410,405,405,389,407,346,335,328,310,373,421,409,371,371,368,394,399,405,393,395,413,395,389,343,349,404,428,460,453,472,477,502,450,382,397,431,418,475,453,398,408,383,416,431,434,400,430,473,399,454,419,433,440,447,426,465,401,417,435,405,422,440,374,368,437,435,357,419,402,354,368,391,367,382,409,404,351,326,333,320,313,343,377,402,405,414,419,401,432
Nova Scotia,Canada,44.682,-63.7443,332,345,359,334,317,354,347,369,393,399,347,342,300,311,348,372,336,385,353,392,372,348,355,336,348,361,365,397,382,384,372,358,372,396,420,353,349,343,314,371,359,382,337,366,320,375,352,337,357,367,361,419,414,379,359,347,331,326,323,390,424,447,382,402,415,421,363,409,416,355,349,376,389,352,365,365,410,357,367,357,325,344,388,352,380,369,380,442,397,340,353,364,366,353,324,357,344,407,442,393,371,430,439
Ontario,Canada,51.2538,-85.3232,370,392,404,414,414,366,387,410,420,391,401,380,367,421,393,390,366,330,319,322,313,324,367,394,392,380,382,375,370,369,378,385,400,394,393,436,449,448,438,431,458,420,469,470,445,375,420,425,425,473,465,425,376,364,380,413,430,450,473,477,396,384,458,428,426,440,402,369,349,366,421,419,394,431,409,338,339,413,347,317,360,339,320,363,377,370,366,355,355,367,357,354,376,372,375,394,446,439,419,398,424,435,416
Prince Edward Island,Canada,46.5107,-63.4168,335,359,370,353,347,366,351,379,390,406,360,344,314,332,376,379,364,378,369,402,365,339,350,342,361,371,375,406,390,390,376,375,376,408,428,362,368,351,327,394,370,406,363,385,350,431,350,358,370,379,389,443,430,387,367,357,340,349,341,404,439,474,387,412,420,432,398,424,421,361,356,387,402,362,420,419,402,356,371,366,327,372,397,357,375,374,382,434,403,345,347,358,367,341,321,369,354,424,431,397,382,426,440
Quebec,Canada,52.9399,-73.5491,358,377,406,387,392,370,357,385,401,395,378,411,377,417,396,413,395,362,316,315,324,303,361,401,403,383,377,384,385,374,378,380,397,406,402,403,417,427,444,456,460,462,475,495,493,470,398,425,424,464,478,475,392,405,395,415,426,441,425,439,451,389,457,432,430,447,439,395,397,402,408,436,408,405,424,354,333,403,378,344,339,377,330,340,388,364,357,375,359,359,352,349,347,357,368,396,413,428,384,371,400,413,433
Saskatchewan,Canada,52.9399,-106.4509,375,386,416,396,360,379,423,421,411,406,414,402,439,418,407,389,343,356,356,340,327,365,413,404,370,381,369,360,379,376,364,374,366,415,452,435,387,432,404,435,412,434,428,461,388,445,419,413,467,437,424,351,337,366,399,430,458,427,423,348,379,446,405,402,420,370,360,357,386,418,405,420,440,336,312,332,341,339,327,333,334,306,373,370,388,362,353,326,326,347,382,405,435,466,480,463,452,457,406,442,393,419,428
,Chile,-35.6751,-71.543,263,262,263,254,253,276,287,281,285,290,283,279,278,272,269,270,257,248,259,258,260,258,259,261,263,262,263,266,265,291,282,278,271,267,265,280,284,274,265,261,263,267,270,268,280,284,276,272,278,264,265,264,264,274,270,280,279,273,271,267,267,265,263,261,257,260,256,251,258,265,267,269,264,262,264,260,252,265,267,267,256,251,257,258,262,255,254,255,252,255,249,247,252,249,252,258,266,279,280,266,257,264,276
Anhui,China,31.8257,117.2264,249,250,254,259,256,259,285,270,274,277,271,288,350,331,313,310,291,278,270,275,277,297,300,295,311,333,351,340,325,291,269,263,260,267,290,302,312,319,300,308,308,318,315,333,319,306,328,320,295,291,298,298,319,323,295,285,289,297,298,314,308,304,304,309,308,305,314,319,315,324,326,329,322,331,335,326,331,342,350,347,336,323,322,312,314,314,310,327,309,307,303,311,318,332,329,336,351,346,348,358,336,345,377
Beijing,China,40.1824,116.4142,328,347,390,370,329,344,346,344,328,355,363,391,365,379,374,355,356,378,387,352,343,350,360,376,385,386,398,386,362,367,342,339,374,379,405,395,366,347,366,392,336,338,358,348,354,386,417,386,376,415,417,408,358,347,314,327,364,359,375,347,373,369,365,407,334,361,367,355,382,421,396,382,409,396,349,358,361,370,412,380,368,377,381,366,365,335,357,422,402,372,376,401,405,370,360,360,368,372,398,404,423,414,374
Chongqing,China,30.0572,107.874,242,238,247,251,260,268,281,263,264,262,262,310,326,297,287,270,254,261,271,279,292,303,311,328,348,358,345,306,270,257,260,251,251,268,286,288,308,302,292,291,295,318,321,332,322,308,301,287,290,297,297,308,312,318,302,292,284,288,302,308,288,302,298,300,294,287,301,306,307,322,317,315,314,308,301,315,328,329,333,326,328,320,306,303,318,315,304,301,291,291,296,302,314,313,319,335,336,331,335,322,320,329,326
Fujian,China,26.0789,117.9874,235,233,234,236,237,241,257,257,254,259,255,253,281,279,260,246,242,237,239,238,235,245,249,256,264,271,281,270,254,245,243,237,239,240,238,244,260,267,267,263,267,270,265,265,279,269,261,261,259,259,261,261,261,263,268,284,291,286,285,283,283,278,278,275,279,282,285,278,266,266,273,271,271,269,276,273,281,294,294,290,287,283,280,285,290,292,283,296,286,282,282,288,291,291,290,294,291,292,292,295,298,297,309
Gansu,China,37.8099,101.0583,317,353,372,336,340,363,349,312,314,333,354,352,325,312,324,347,313,320,335,321,325,326,341,365,364,377,360,337,322,319,306,326,341,340,350,325,316,328,363,362,322,327,327,331,352,349,341,336,360,390,396,337,335,321,296,318,324,341,333,307,318,320,345,322,312,327,322,335,376,378,331,319,318,311,324,331,341,340,349,333,338,345,342,343,318,320,336,334,328,340,353,354,338,321,319,326,340,339,338,340,347,334,329
Guangdong,China,23.3417,113.4244,233,231,232,234,235,234,245,251,252,246,240,251,269,264,248,229,230,232,237,236,240,248,250,254,255,265,267,250,244,241,243,238,241,242,241,249,258,261,256,256,259,259,255,263,271,258,255,255,259,262,262,260,259,258,264,263,267,275,277,278,277,274,276,272,273,275,271,266,258,261,265,270,262,260,265,266,274,283,281,279,278,277,277,280,287,287,279,283,281,285,286,284,290,290,286,289,287,285,283,285,289,292,296
Guangxi,China,23.8298,108.7881,232,230,232,234,235,234,243,247,246,237,242,258,274,263,248,228,222,226,232,238,246,254,257,268,273,281,270,255,244,238,240,235,239,241,241,245,260,269,265,263,264,270,270,288,285,268,257,252,261,265,265,265,265,267,268,271,272,270,274,279,276,274,277,276,279,279,275,268,261,263,270,273,267,261,268,269,280,286,287,282,280,276,276,280,292,288,281,278,280,286,286,286,295,293,285,286,287,284,284,284,287,291,295
Guizhou,China,26.8154,106.8748,233,229,234,236,242,246,252,251,249,245,249,273,290,270,258,242,230,239,248,254,266,268,275,290,318,317,293,268,249,241,246,237,238,245,247,261,278,281,275,266,270,289,302,315,306,298,265,258,264,276,276,276,279,284,298,287,277,275,284,292,275,279,285,289,286,284,290,284,279,280,288,288,284,281,286,296,302,300,298,295,297,293,285,285,303,295,288,282,279,280,284,291,298,296,291,296,298,298,301,296,296,302,302
Hainan,China,19.1959,109.7453,237,239,238,236,237,236,236,237,236,235,243,250,254,253,245,225,226,230,236,236,237,242,246,249,250,250,248,240,238,240,243,245,247,250,246,247,252,253,254,246,242,246,245,245,250,248,244,250,261,261,259,257,258,260,259,258,255,252,254,255,263,267,266,262,259,256,258,256,255,255,261,263,259,259,265,269,273,275,272,266,270,267,271,277,279,278,277,278,282,281,276,271,280,283,277,279,281,277,279,279,284,283,281
Hebei,China,39.549,116.1306,321,336,384,373,329,340,340,336,320,354,357,384,365,374,367,358,354,367,389,346,341,350,354,366,374,377,399,388,364,362,335,334,365,369,398,389,356,344,368,393,336,345,356,350,350,380,413,382,373,412,414,403,353,343,313,324,358,347,371,342,362,360,359,401,332,357,367,350,374,420,403,388,416,401,353,357,360,366,408,374,358,367,367,364,361,334,349,414,396,366,369,397,408,369,357,356,368,371,397,409,418,416,375
Heilongjiang,China,47.862,127.7615,408,435,415,434,374,395,422,427,391,389,413,413,378,372,410,409,365,403,404,436,411,429,445,422,415,416,405,398,380,378,416,428,463,478,489,465,411,422,415,412,420,365,371,396,415,377,376,378,383,436,464,424,447,404,389,342,386,368,397,406,399,399,396,429,377,369,377,391,393,384,415,428,401,430,436,403,446,451,468,454,450,456,440,387,388,382,440,488,445,430,439,432,421,442,432,401,404,412,390,389,406,385,377
Henan,China,33.882,113.614,259,264,278,292,281,272,307,287,290,289,292,340,364,340,330,330,304,292,303,303,303,331,341,332,359,374,372,363,335,300,279,277,276,307,322,320,331,330,321,338,323,331,324,330,334,325,346,347,326,339,348,347,365,339,289,296,306,306,324,330,310,317,319,327,315,301,314,326,337,371,361,351,330,336,338,332,343,358,354,348,345,344,337,318,339,326,322,337,319,313,315,323,332,344,336,337,353,352,365,365,348,369,374
Hong Kong,China,22.3,114.2,233,233,233,236,232,233,242,249,252,245,242,250,262,258,247,231,231,234,239,238,239,245,247,248,249,255,258,246,242,240,243,238,243,247,246,252,259,260,254,250,254,249,248,252,258,248,249,253,258,262,261,259,258,258,258,260,262,269,274,272,271,269,274,269,271,269,263,261,254,257,262,265,260,260,267,267,273,280,280,275,276,275,277,282,285,283,278,283,285,285,283,280,289,292,288,288,285,281,282,284,288,291,293
Hubei,China,30.9756,112.2707,245,244,250,256,254,256,283,270,274,268,267,304,348,316,301,285,270,267,272,279,284,303,308,308,335,357,355,320,289,269,266,257,255,268,291,294,311,316,299,299,300,317,324,332,324,310,317,299,291,298,296,302,320,321,299,290,285,292,300,313,296,304,302,305,301,295,307,311,312,326,326,323,317,317,311,320,331,335,344,337,332,321,312,308,318,321,306,321,299,300,299,307,316,325,328,343,346,343,344,337,324,335,348
Hunan,China,27.6104,111.7088,236,233,236,241,242,244,258,259,260,254,254,272,307,289,267,251,240,239,245,245,255,267,275,277,299,313,309,280,257,246,252,240,239,246,249,264,281,285,275,269,273,289,294,321,306,300,277,268,266,273,279,274,276,283,299,294,286,284,286,292,284,281,287,289,294,290,294,292,283,284,291,291,288,289,295,298,308,309,310,304,299,293,290,290,296,305,291,297,286,286,288,294,301,300,298,307,315,315,316,309,305,311,317
Inner Mongolia,China,44.0935,113.9448,361,406,393,355,360,372,398,388,362,380,398,379,352,385,390,360,351,393,363,363,341,406,395,382,399,392,395,375,359,393,394,412,445,445,430,404,380,343,368,373,343,339,363,361,382,390,390,358,375,428,422,413,397,335,330,379,386,397,385,375,393,403,397,389,360,386,371,364,395,389,377,401,391,361,336,363,359,409,422,414,412,384,389,371,362,370,428,446,415,392,424,407,385,374,362,364,376,392,389,413,413,386,364
Jiangsu,China,32.9711,119.455,257,258,263,277,274,268,287,275,281,284,278,295,351,348,330,325,314,289,281,281,283,301,308,301,309,332,360,353,345,317,273,269,266,275,301,316,321,321,307,328,328,325,315,331,320,310,333,345,309,295,305,307,333,333,295,287,302,303,306,321,313,309,309,316,319,308,319,326,322,341,346,343,333,348,360,338,337,350,357,352,340,330,331,317,320,317,313,332,319,319,307,319,323,342,336,338,350,354,358,367,351,358,398
Jiangxi,China,27.614,115.7221,238,235,237,240,240,244,261,262,260,260,260,264,303,295,270,254,248,241,245,241,245,257,268,268,280,294,305,286,260,252,251,242,239,244,245,256,276,283,277,267,274,280,278,298,297,287,275,271,264,261,273,268,272,277,290,296,292,285,286,287,287,278,287,286,292,290,297,291,279,280,285,285,287,286,293,288,301,311,310,306,298,292,287,289,292,304,290,307,287,284,284,294,298,296,299,306,314,315,316,312,306,312,320
Jilin,China,43.6661,126.1923,354,397,414,385,355,358,367,383,380,373,381,425,377,374,408,411,369,396,390,402,358,370,412,410,404,410,396,403,375,363,390,374,416,454,463,458,412,396,385,411,393,353,356,362,357,355,397,408,384,423,441,414,428,383,344,354,394,399,405,395,393,411,389,425,383,381,396,373,384,411,406,405,409,402,412,385,424,408,445,445,440,445,417,393,375,347,377,456,445,419,419,436,420,412,425,394,406,412,410,389,391,404,378
Liaoning,China,41.2956,122.6085,336,364,398,377,341,351,337,355,344,362,367,399,372,373,400,364,358,391,389,373,346,353,361,386,387,406,374,394,369,367,363,347,386,404,434,415,393,364,360,404,366,330,362,354,347,360,402,424,379,417,427,408,399,376,321,330,385,389,396,366,378,393,371,422,374,367,377,366,377,424,409,385,395,398,387,361,401,367,436,407,407,402,386,386,367,340,360,425,436,395,386,413,406,401,390,385,383,400,404,403,405,409,383
Macau,China,22.1667,113.55,233,233,233,236,232,232,241,247,251,243,240,251,263,259,246,230,230,233,238,237,240,246,247,249,250,256,257,246,242,240,243,238,243,246,246,252,259,260,254,250,253,249,248,254,258,249,249,253,259,262,262,259,258,257,259,260,262,269,272,270,270,269,274,269,271,269,263,260,255,258,262,266,260,259,267,268,274,281,280,274,274,275,276,281,285,284,279,282,285,285,283,280,288,291,288,288,284,282,282,283,288,291,292
Ningxia,China,37.2692,106.1655,305,330,363,340,331,332,343,307,305,317,348,366,349,327,331,353,317,317,335,325,337,342,337,362,369,371,384,360,333,324,314,325,341,345,354,337,325,338,364,376,328,339,339,334,354,368,348,347,354,391,406,367,347,328,299,318,328,337,351,318,321,329,343,339,316,328,332,331,361,391,353,328,334,331,329,336,357,353,366,343,343,346,348,337,333,326,339,346,336,337,359,372,357,337,327,334,342,349,349,358,367,366,347
Qinghai,China,35.7452,95.9956,316,355,363,330,346,357,320,301,312,317,334,341,305,306,322,311,297,303,320,320,326,331,326,356,336,344,343,315,295,300,301,314,327,328,327,315,313,329,361,343,311,316,312,318,323,324,332,323,347,372,383,354,333,304,280,310,317,338,310,298,306,315,326,303,299,307,306,327,347,332,298,304,294,295,314,325,326,325,326,326,331,338,333,332,311,318,315,297,303,319,317,313,321,321,327,327,332,333,327,324,328,323,325
Shaanxi,China,35.1917,108.8701,273,279,309,312,303,299,319,298,281,300,310,357,355,331,331,330,295,295,312,316,325,339,341,356,355,371,379,362,334,302,296,302,304,332,336,326,322,334,346,352,318,340,332,337,346,342,348,346,335,366,378,377,365,325,291,306,309,319,346,317,310,323,332,334,309,312,322,328,353,374,347,332,323,326,323,328,349,355,350,342,344,349,344,317,336,323,330,331,323,314,325,334,342,338,330,332,345,348,354,361,352,373,353
Shandong,China,36.3427,118.1498,281,289,313,333,319,294,310,313,301,318,316,352,365,358,342,356,340,318,325,319,312,334,347,349,358,356,386,374,361,343,299,306,300,327,341,349,330,349,364,391,346,330,340,335,340,334,364,369,349,364,383,380,375,348,301,311,326,329,348,341,321,328,332,360,328,328,352,340,349,398,409,360,359,375,360,342,368,359,371,369,347,346,353,341,338,328,329,351,351,346,331,355,372,373,342,345,358,367,377,382,389,400,390
Shanghai,China,31.202,121.4491,251,250,250,254,258,265,271,263,269,273,269,278,326,321,300,305,291,276,263,259,257,269,275,281,288,296,331,338,333,299,268,265,255,255,270,289,295,312,299,303,308,303,298,299,296,294,312,313,291,279,287,284,293,309,301,284,286,297,295,303,305,297,296,298,309,305,314,318,306,303,310,309,315,325,343,327,329,334,343,343,330,317,317,309,307,307,308,320,309,302,294,303,314,327,330,337,349,345,346,362,338,339,382
Shanxi,China,37.5777,112.2922,297,311,348,346,325,318,333,313,308,324,337,372,364,344,343,357,326,317,347,330,336,347,345,353,365,362,398,378,357,340,312,323,337,350,362,350,334,339,361,389,343,342,347,343,346,369,378,353,354,396,406,389,361,328,304,317,332,336,358,326,331,336,343,363,322,337,342,333,364,408,388,356,357,353,346,340,357,355,358,357,344,348,351,344,343,330,337,362,353,344,356,388,391,361,333,340,356,367,373,386,385,392,371
Sichuan,China,30.6171,102.7103,249,246,257,268,273,290,278,263,261,252,264,313,304,286,284,264,257,274,274,283,302,310,318,349,361,356,326,292,265,260,263,254,254,279,294,289,317,301,293,294,294,306,314,319,315,314,306,292,294,296,311,321,324,312,290,284,281,295,319,303,286,298,294,293,283,275,287,295,306,312,305,303,299,293,293,315,322,323,326,327,335,331,302,301,317,301,299,287,281,280,290,295,303,305,313,326,325,323,325,310,315,322,315
Tianjin,China,39.3054,117.323,317,333,379,375,329,335,330,334,318,355,353,382,368,372,368,357,357,360,387,344,340,351,352,357,369,374,396,388,363,361,332,333,361,366,395,389,356,345,367,396,339,341,354,351,351,368,412,391,370,409,415,402,358,342,313,321,357,347,371,345,358,356,355,402,336,353,370,350,369,422,407,394,420,405,357,358,363,363,414,376,357,365,368,364,359,334,347,406,396,367,367,397,410,373,361,360,369,372,395,408,415,419,377
Tibet,China,31.6927,88.0924,314,352,345,331,335,303,290,285,283,288,290,290,277,288,298,284,278,290,300,313,310,314,324,348,315,301,287,274,271,284,279,283,296,294,300,311,307,324,347,314,290,288,286,283,297,308,299,298,312,327,339,343,326,293,296,307,320,321,292,287,296,300,287,280,270,279,288,300,294,287,285,281,288,297,321,320,318,317,322,326,339,322,318,313,292,285,276,276,283,293,291,294,308,311,316,315,313,315,305,310,305,307,313
Xinjiang,China,41.1129,85.2401,382,381,354,369,410,405,368,383,393,382,361,324,321,332,349,333,350,347,336,329,367,369,367,341,377,357,351,334,353,366,398,413,371,369,334,320,319,364,360,314,332,325,332,328,331,348,355,388,417,405,328,328,319,322,353,366,371,323,322,344,327,333,345,330,372,354,375,386,395,361,337,326,334,336,351,335,334,341,333,354,370,358,367,339,323,339,355,349,356,380,369,327,322,341,349,353,336,341,343,337,330,348,338
Yunnan,China,24.974,101.487,231,227,230,237,241,245,240,240,238,237,244,260,267,258,252,243,233,237,246,250,257,260,274,295,311,295,273,254,241,235,237,231,237,245,244,251,266,273,267,263,268,277,289,290,285,280,261,256,263,270,273,272,279,280,285,273,262,266,283,276,269,275,282,282,281,280,276,276,270,273,281,287,275,270,271,284,287,283,284,285,290,286,282,283,296,286,277,271,273,277,280,285,288,289,284,283,283,278,280,280,288,290,289
Zhejiang,China,29.1832,120.0934,243,242,242,241,244,254,268,259,261,265,265,269,306,304,285,276,268,256,249,246,244,257,264,270,277,287,315,302,293,270,258,253,245,246,252,268,284,291,285,280,291,290,281,282,290,285,283,285,272,259,273,271,275,281,303,293,289,288,290,291,292,286,287,289,297,296,304,303,289,286,294,290,294,305,307,298,308,321,326,323,311,299,297,299,298,301,300,313,298,293,283,296,303,305,315,326,330,326,328,335,321,321,355
,Ecuador,-1.8312,-78.1834,230,230,227,232,236,238,236,240,239,241,242,240,238,237,239,241,234,223,231,233,237,237,237,239,239,238,242,241,243,243,246,244,242,241,241,242,246,246,245,248,247,250,250,248,247,245,249,246,246,247,246,246,247,247,246,246,244,240,245,251,253,249,247,248,247,248,247,250,250,251,253,251,249,251,252,254,253,250,251,256,253,251,254,255,255,253,255,257,255,257,252,254,250,249,246,246,247,245,244,246,248,249,247
French Guiana,France,3.9339,-53.1258,244,243,242,238,240,241,239,238,243,246,243,245,246,244,245,244,238,227,236,237,233,238,240,242,246,246,242,242,238,240,244,247,249,250,251,251,251,253,254,252,249,249,250,252,251,252,251,249,250,254,250,255,255,256,255,250,248,250,251,254,257,258,255,254,252,253,253,253,257,259,255,253,251,256,255,252,252,253,255,255,254,251,252,255,256,257,258,260,260,260,261,261,258,257,256,257,259,258,254,259,257,261,261
French Polynesia,France,-17.6797,149.4068,272,275,269,271,279,279,271,267,265,268,272,268,265,258,261,247,241,248,259,257,259,257,256,255,258,256,254,256,254,258,261,261,257,259,264,262,257,256,258,259,257,254,256,253,252,257,257,257,253,257,262,262,256,250,253,255,255,256,256,258,264,263,259,254,255,255,259,261,254,250,247,249,252,253,260,258,256,256,265,270,265,251,250,252,254,250,250,248,251,251,253,252,252,252,253,254,254,254,252,255,252,251,256
Guadeloupe,France,16.25,-61.5833,266,268,265,263,262,261,257,253,251,254,259,262,263,269,266,269,269,258,249,246,244,245,249,248,247,249,254,254,258,258,255,255,252,249,250,256,260,262,262,268,268,269,271,277,278,277,275,270,273,277,271,273,263,267,269,268,263,259,270,276,279,276,272,268,262,263,264,262,266,269,270,271,268,269,272,276,275,272,271,276,279,276,270,270,272,274,276,274,274,278,279,274,269,277,276,272,270,272,267,263,267,272,268
Mayotte,France,-12.8275,45.1662,257,253,251,248,254,258,254,251,250,253,250,254,254,257,252,237,220,229,248,251,251,255,255,255,251,252,254,258,255,254,256,257,253,252,251,253,255,255,260,258,254,262,265,263,258,262,259,254,252,253,253,255,258,257,257,257,255,257,259,263,267,263,261,258,259,255,255,257,257,258,260,258,258,259,257,258,260,261,260,259,256,251,253,253,258,257,259,252,252,252,254,257,259,263,267,265,268,271,268,263,260,268,268
New Caledonia,France,-20.9043,165.618,256,265,274,275,274,270,265,265,263,260,262,265,259,255,257,244,229,233,247,253,253,258,260,261,266,265,272,272,275,277,274,269,258,253,250,252,248,254,254,250,249,249,249,249,250,251,256,255,255,268,268,265,259,261,262,262,269,267,260,255,255,260,270,272,271,269,266,261,252,252,251,252,252,248,246,255,253,253,253,258,256,258,257,256,257,256,261,255,246,255,256,255,253,249,255,256,253,250,251,256,254,253,252
Reunion,France,-21.1351,55.2471,269,267,261,255,260,266,264,265,273,274,269,267,267,264,264,254,227,232,251,253,255,259,252,250,256,260,261,262,261,256,258,261,265,261,262,266,268,264,262,260,259,261,264,261,259,258,255,258,263,266,269,272,269,268,266,262,261,259,266,266,263,255,253,254,256,258,257,262,264,265,260,258,257,260,259,258,259,262,260,258,256,256,254,255,258,259,261,261,262,261,260,261,259,261,265,263,266,269,267,262,265,269,267
Saint Barthelemy,France,17.9,-62.8333,268,273,268,268,266,263,260,253,249,253,257,262,265,278,277,277,270,261,258,253,248,246,245,246,247,249,253,254,256,258,260,257,252,250,251,261,261,261,260,266,267,268,276,286,280,279,279,273,277,278,281,272,264,264,270,273,268,265,273,276,277,278,277,272,269,268,270,269,272,275,273,270,268,273,285,284,278,276,274,275,282,284,278,274,276,279,283,283,280,284,282,278,274,279,280,278,280,277,269,265,272,274,269
St Martin,France,18.0708,-63.0501,268,273,269,268,266,263,260,253,250,253,257,262,266,278,278,278,269,261,259,254,248,246,245,246,247,248,253,255,257,258,261,257,251,250,251,261,261,261,261,266,266,268,277,287,279,279,279,273,277,279,281,272,264,265,269,272,269,265,273,275,276,278,277,273,269,269,270,270,272,274,273,270,268,274,285,285,279,275,274,275,283,284,279,274,276,280,283,284,281,285,282,278,274,279,281,278,280,277,269,265,272,275,269
Martinique,France,14.6415,-61.0242,259,262,259,259,261,261,255,255,256,254,260,260,257,259,258,262,263,257,247,244,244,245,246,249,248,250,255,253,255,254,252,250,249,246,249,250,256,260,261,266,267,269,270,267,275,270,269,269,268,269,265,270,263,268,267,261,259,257,269,273,271,269,267,264,260,261,259,259,260,263,266,268,265,264,267,268,269,268,269,273,275,270,266,269,271,270,271,268,269,277,276,274,268,274,273,266,264,268,263,260,262,269,267
,France,46.2276,2.2137,320,314,334,305,299,317,328,311,314,349,299,287,310,315,313,322,351,388,408,387,393,409,370,361,323,318,338,384,345,311,303,307,297,296,339,328,337,320,322,303,257,266,320,343,300,317,284,336,326,327,311,323,309,301,335,344,367,333,301,350,367,390,397,331,311,380,367,357,391,330,305,320,346,372,351,351,356,339,347,350,340,359,385,376,386,398,390,377,374,400,401,381,367,358,356,321,314,317,346,321,305,305,348
,Germany,51.0,9.0,294,329,323,315,301,307,337,292,284,328,305,283,324,323,318,332,348,405,395,347,323,325,311,284,273,283,316,398,395,310,286,303,333,338,399,359,336,323,307,317,324,344,396,393,347,324,310,344,368,375,318,363,330,343,348,356,432,392,379,390,404,400,436,435,340,383,431,383,412,359,315,334,416,413,381,382,369,331,324,330,369,391,399,368,349,378,381,359,404,402,368,352,348,312,329,312,293,310,334,317,308,311,328
,India,21.0,78.0,257,263,262,251,245,235,237,238,243,241,237,241,250,263,261,249,250,248,256,260,257,256,257,254,253,256,257,251,249,244,241,243,247,251,255,259,261,271,283,279,271,268,265,260,255,256,258,258,262,277,287,285,283,279,279,281,273,269,267,272,269,268,272,272,272,273,271,271,274,277,277,277,275,283,286,274,277,276,288,278,279,275,273,274,272,279,279,273,274,279,283,286,284,282,282,277,278,280,282,285,289,294,292
,Iran,32.0,53.0,311,294,283,286,317,317,302,307,324,344,351,344,339,363,331,315,291,286,292,306,325,317,318,312,313,312,300,297,300,333,332,338,344,320,295,308,286,278,271,282,312,335,341,319,325,309,299,289,290,291,291,289,296,298,287,274,288,287,276,279,288,288,305,294,290,279,298,321,306,311,303,299,299,294,312,304,304,302,307,303,317,331,349,349,355,360,355,327,311,318,302,303,309,315,323,328,315,306,298,302,300,307,322
,Ireland,53.1424,-7.6921,296,312,290,274,289,322,277,291,356,310,276,348,393,357,378,390,401,374,333,305,315,329,286,277,267,326,423,429,335,303,314,350,348,379,330,326,313,318,352,307,342,392,382,378,355,376,435,407,373,322,378,338,355,352,363,415,383,365,379,478,418,442,417,357,394,438,368,420,359,318,358,417,426,398,424,347,327,351,387,397,393,389,321,312,348,370,367,392,381,367,346,347,307,305,293,291,349,343,316,302,309,330,366
,Israel,31.0,35.0,286,297,305,343,335,318,317,330,357,356,316,305,294,294,297,293,302,306,312,313,332,367,337,331,307,287,279,297,317,349,348,344,317,295,315,301,290,290,303,317,337,334,317,322,325,327,333,317,324,332,298,308,322,306,308,333,295,286,293,309,297,311,293,286,291,334,289,284,298,306,302,311,372,326,295,304,317,336,334,359,370,328,337,353,331,325,321,310,308,298,313,327,326,331,321,314,309,312,325,344,348,350,351
,Italy,43.0,12.0,327,342,341,344,333,349,360,359,326,332,342,336,305,327,306,309,325,366,392,392,366,352,347,329,305,332,324,351,364,310,302,295,307,300,338,386,366,344,327,328,268,261,290,321,343,310,301,292,321,333,315,320,319,302,306,337,372,356,315,311,341,352,407,385,325,336,381,390,375,368,321,305,320,321,341,331,335,369,363,347,340,337,369,417,419,400,407,411,394,378,401,394,394,391,391,375,341,317,328,349,320,301,311
,Japan,36.0,138.0,308,314,351,382,345,319,286,277,281,298,321,283,289,331,351,335,352,329,322,301,291,283,290,309,310,308,319,344,344,349,343,299,292,271,279,308,332,348,365,405,427,355,328,317,311,313,305,337,373,316,301,317,309,360,343,296,327,386,377,364,334,316,322,309,356,349,360,369,355,317,335,350,343,354,414,407,375,376,360,373,366,346,373,394,366,335,314,310,326,335,340,305,351,363,361,367,365,351,356,368,397,397,375
Aruba,Netherlands,12.5186,-70.0358,250,248,246,246,253,256,252,250,254,250,255,257,256,253,255,255,249,244,244,240,241,240,240,241,242,245,247,246,247,247,248,246,245,243,242,240,242,248,250,257,254,254,258,264,265,264,260,256,257,257,256,253,261,261,261,261,260,253,256,263,259,259,258,256,252,254,256,256,259,261,265,265,265,263,267,267,265,267,265,266,270,273,270,269,268,265,264,264,267,269,270,272,268,271,266,262,262,262,259,261,259,261,264
Curacao,Netherlands,12.1696,-68.99,249,248,247,247,253,256,254,250,255,250,255,258,256,252,253,254,246,242,243,239,242,241,240,241,243,245,247,245,246,248,247,245,245,245,241,239,243,249,250,256,254,254,260,263,264,265,259,257,256,256,255,253,261,261,261,259,259,253,256,262,259,258,259,256,253,253,254,256,258,259,263,264,264,263,266,266,265,268,266,267,269,271,269,268,268,263,263,265,267,271,269,270,267,271,266,262,260,261,260,261,258,261,264
Sint Maarten,Netherlands,18.0425,-63.0548,268,273,269,268,266,263,260,253,250,253,257,262,266,278,278,278,269,261,259,254,248,246,245,246,247,249,253,255,257,258,261,258,251,250,251,261,261,261,261,266,266,268,277,287,279,279,279,273,277,279,281,272,264,264,269,272,268,265,273,275,276,278,277,273,269,269,270,270,272,274,273,270,268,274,285,285,279,275,274,275,282,284,279,274,276,280,283,283,280,284,281,278,274,279,281,278,280,277,269,265,272,275,269
,Netherlands,52.1326,5.2913,294,328,314,301,291,301,314,279,294,344,292,283,348,317,326,345,365,410,373,342,310,331,308,281,272,283,331,409,379,305,287,316,338,348,396,342,333,309,319,310,331,362,400,398,335,330,340,381,373,366,327,356,336,351,346,379,436,394,370,416,414,408,460,403,347,408,421,389,419,346,320,371,432,411,384,399,348,324,317,350,381,410,384,343,339,352,351,358,417,394,358,359,333,319,315,298,295,331,331,314,306,314,336
,Pakistan,30.3753,69.3451,366,331,304,289,283,288,296,304,294,289,283,291,329,342,334,325,308,305,301,300,303,297,287,281,281,282,291,304,304,295,313,305,296,309,317,300,303,295,287,278,272,271,280,295,298,305,307,298,289,313,324,304,294,290,299,289,276,280,288,297,289,277,272,289,306,305,300,306,307,295,317,330,350,323,305,307,308,316,320,310,308,311,308,320,324,317,332,327,315,303,307,302,305,311,310,312,317,328,312,308,310,302,295
,Peru,-9.19,-75.0152,245,245,242,248,247,250,247,247,249,249,250,248,248,250,253,256,247,237,252,255,260,257,252,250,248,253,252,250,255,256,257,253,249,250,252,250,251,251,255,258,254,255,254,255,250,251,254,259,259,262,260,259,255,258,261,261,256,250,251,255,257,254,254,251,249,251,250,252,250,251,254,251,252,252,253,255,255,255,257,259,255,255,256,257,257,256,256,256,257,257,257,258,257,255,248,249,250,249,247,250,254,250,252
,Poland,51.9194,19.1451,311,326,331,350,326,316,341,306,289,295,336,287,306,342,310,326,323,360,382,366,316,354,330,283,271,255,295,330,382,361,293,280,322,375,400,394,354,339,312,321,322,353,414,400,397,349,314,331,357,386,358,375,352,372,374,347,392,409,404,374,401,386,395,444,398,340,373,414,391,403,354,326,417,436,415,390,376,346,326,332,379,409,436,379,366,390,404,390,390,417,385,355,354,329,345,325,299,296,332,342,332,330,313
,Portugal,39.3999,-8.2245,298,303,328,328,310,315,323,324,317,309,290,287,291,299,322,322,323,333,360,384,398,412,397,351,330,323,328,322,301,297,295,293,283,285,283,301,310,319,318,296,246,260,277,307,297,299,281,307,330,312,298,302,305,306,311,316,314,301,307,322,311,317,283,272,294,318,323,317,315,300,302,320,320,338,345,377,388,354,348,359,379,372,382,385,341,332,339,348,360,379,404,418,406,362,341,337,341,329,312,310,306,331,359
,Russia,60.0,90.0,274,309,297,321,315,315,322,326,336,288,276,305,330,342,382,423,371,403,403,381,352,339,312,296,311,355,348,312,328,329,336,331,303,287,278,272,308,344,325,356,377,395,319,324,315,319,384,422,392,371,353,363,341,344,328,341,367,365,362,386,315,274,338,386,419,404,366,381,386,389,339,349,330,351,423,441,444,439,412,446,433,419,450,450,438,458,429,469,441,395,371,359,348,378,381,369,389,373,358,386,389,400,373
,Saudi Arabia,24.0,45.0,252,249,247,243,249,259,256,249,261,279,296,283,279,284,282,279,265,265,268,271,274,273,271,272,271,278,277,270,268,262,256,262,274,282,284,285,281,285,272,268,271,292,314,309,286,280,282,277,267,263,272,281,284,277,272,269,272,270,264,261,265,270,269,266,267,271,280,287,287,283,279,281,282,287,290,284,280,281,285,284,296,298,299,318,317,307,296,284,281,282,283,279,275,282,289,288,283,282,285,285,281,279,282
,Singapore,1.2833,103.8333,247,249,246,245,246,247,248,246,243,243,242,241,240,242,247,240,218,228,241,245,242,242,245,249,250,246,246,247,248,250,249,248,250,251,252,252,253,250,253,251,250,250,246,247,251,251,250,252,252,252,248,253,260,258,258,258,258,255,254,254,254,253,253,257,256,254,252,249,251,249,253,260,259,258,259,259,258,261,265,264,258,255,258,260,257,257,255,256,254,258,255,255,254,253,254,258,257,258,257,258,258,258,260
,Spain,40.0,-4.0,298,300,329,331,315,312,321,321,321,333,300,289,292,293,315,317,328,337,399,403,403,420,398,351,324,327,322,328,313,302,300,298,287,283,282,293,314,317,322,304,248,254,274,309,298,299,282,299,327,314,305,306,303,292,300,329,316,301,297,324,321,339,301,273,287,321,329,326,328,307,299,316,319,324,333,393,361,339,353,346,360,371,377,379,359,344,363,367,361,362,386,397,402,372,340,340,335,336,320,314,304,311,333
,Sweden,63.0,16.0,255,251,292,325,252,272,268,290,314,333,302,317,367,332,352,375,366,395,400,343,373,303,248,280,248,219,247,275,269,290,287,294,352,386,395,361,329,304,273,281,310,306,309,297,299,364,344,402,411,424,362,373,410,463,406,371,333,301,311,400,414,398,452,405,440,469,444,393,426,416,397,462,472,440,405,402,374,442,434,429,405,431,414,363,383,396,389,402,408,358,315,336,373,313,292,247,258,320,338,283,287,257,275
,Switzerland,46.8182,8.2275,320,324,335,321,307,322,338,313,309,321,320,287,301,315,300,323,328,381,421,388,372,385,349,319,313,312,321,387,370,298,290,300,306,302,367,355,342,326,311,317,264,275,332,351,329,316,283,317,326,346,307,327,316,310,332,341,391,360,321,335,362,373,414,388,309,348,402,363,401,351,309,314,336,382,363,344,353,341,345,356,341,347,383,389,403,411,411,393,368,393,396,368,365,359,358,327,304,305,330,319,302,296,329
,Turkey,38.9637,35.2433,388,365,366,375,373,374,383,398,380,349,317,331,344,344,344,323,319,332,358,349,359,334,343,350,314,283,286,325,361,367,353,344,303,312,331,331,334,363,389,374,362,326,288,312,314,366,388,389,386,357,343,364,368,358,346,351,314,304,329,356,333,318,316,303,321,361,321,303,325,340,354,357,336,324,318,330,359,364,390,396,371,356,365,376,380,379,380,367,365,366,352,366,394,412,381,363,363,352,364,368,344,359,346
Diamond Princess,Canada,0.0,0.0,249,249,249,248,251,255,252,252,257,256,253,256,259,255,252,250,234,240,248,251,252,251,251,255,257,254,254,257,256,257,260,259,256,257,260,260,261,263,263,262,261,259,260,265,265,266,265,265,268,270,268,268,265,264,266,268,267,266,265,264,266,266,271,272,274,270,268,266,271,274,272,267,267,268,270,271,268,270,267,265,271,267,265,266,259,262,266,273,274,270,269,271,265,266,265,263,269,266,263,263,264,266,267
Recovered,Canada,0.0,0.0,249,249,249,248,251,255,252,252,257,256,253,256,259,255,252,250,234,240,248,251,252,251,251,255,257,254,254,257,256,257,260,259,256,257,260,260,261,263,263,262,261,259,260,265,265,266,265,265,268,270,268,268,265,264,266,268,267,266,265,264,266,266,271,272,274,270,268,266,271,274,272,267,267,268,270,271,268,270,267,265,271,267,265,266,259,262,266,273,274,270,269,271,265,266,265,263,269,266,263,263,264,266,267
Northwest Territories,Canada,64.8255,-124.8457,444,422,419,420,396,405,396,414,441,446,448,460,426,425,395,344,319,314,313,358,383,411,428,421,400,400,386,383,400,405,430,448,451,455,454,421,438,456,449,444,425,486,465,416,435,435,443,438,420,388,358,372,385,387,456,492,456,388,458,457,381,345,393,392,356,377,382,356,382,379,417,372,274,239,265,312,281,246,245,280,296,383,413,434,373,337,303,283,291,253,297,386,407,455,486,485,410,400,456,438,437,425,423
Yukon,Canada,64.2823,-135.0,441,429,426,439,416,410,392,424,456,452,439,438,398,413,398,356,330,342,353,384,400,425,432,410,404,399,381,384,412,417,444,438,465,444,424,400,452,438,456,415,428,476,435,414,445,428,437,435,409,392,361,381,388,402,475,488,427,389,468,436,347,362,399,399,368,376,368,363,364,380,423,351,257,246,271,287,289,246,282,273,323,376,388,392,347,336,361,353,323,275,368,398,421,440,455,402,358,428,463,436,426,408,404
"Bonaire, Sint Eustatius and Saba",Netherlands,12.1784,-68.2385,249,249,246,248,254,256,253,251,255,250,255,258,256,252,254,254,247,242,243,239,241,240,241,242,243,245,247,245,246,247,246,244,245,244,242,239,244,249,251,255,254,255,261,263,265,267,258,257,256,257,254,253,261,261,261,260,259,253,256,262,259,259,259,256,253,253,254,256,259,259,264,264,264,263,266,265,265,268,267,267,269,270,269,268,268,263,265,266,267,272,270,270,267,271,267,261,260,261,260,261,258,261,264
Saint Pierre and Miquelon,France,46.8852,-56.3159,313,331,361,367,357,342,344,369,377,411,371,353,309,337,382,386,382,371,405,394,375,360,350,350,361,388,374,377,380,389,397,386,370,369,420,399,361,360,312,352,371,395,362,378,356,426,382,341,358,380,364,417,450,389,379,347,337,347,347,367,408,425,408,400,400,439,403,389,428,393,370,375,402,379,380,424,429,369,376,382,339,348,408,383,374,389,361,422,442,402,341,346,336,341,318,359,377,401,443,429,387,387,440
,"Korea, South",36.0,128.0,291,301,312,352,329,306,283,292,285,308,316,301,352,357,352,340,357,332,320,304,304,299,314,316,315,327,351,371,368,352,312,302,283,291,320,339,333,352,363,406,381,332,328,332,323,315,333,389,351,313,349,336,353,367,317,300,327,349,351,349,323,321,326,334,348,331,356,356,349,381,395,375,369,412,426,370,368,373,389,376,353,350,357,368,334,324,320,326,352,350,332,342,365,391,366,372,361,368,379,385,400,392,408
,US,37.0902,-95.7129,351,344,302,322,322,294,309,335,296,317,323,356,348,333,315,299,282,287,288,317,329,285,304,369,375,349,344,315,338,346,356,358,338,314,297,319,358,387,367,326,295,298,299,319,356,359,338,336,314,318,313,312,293,292,292,330,386,407,384,380,334,318,358,334,326,341,329,312,313,323,331,329,318,312,299,302,306,307,298,301,328,323,321,302,302,289,289,285,311,344,330,353,321,336,323,338,327,321,309,317,308,322,324
